Corrected GPS x,Corrected GPS y,Latitude,Longitude,join_Name,join_descriptio,join_timestamp,join_begin,join_end,join_altitudeMo,join_tessellate,join_extrude,join_visibility,join_drawOrder,join_icon,join_snippet,distance
261623.5766,52164.31139,0.468911959,36.85907079,Stream/Seasonal Channel,"<html xmlns:fo=""http://www.w3.org/1999/XSL/Format"" xmlns:msxsl=""urn:schemas-microsoft-com:xslt"">

<head>

<META http-equiv=""Content-Type"" content=""text/html"">

</head>

<body style=""margin:0px 0px 0px 0px;overflow:auto;background:#FFFFFF;"">

<table style",,,,,"-1","0","-1",,,,0.00537790483237025
261678.4078,52370.35429,0.47077494,36.85956264,Stream/Seasonal Channel,"<html xmlns:fo=""http://www.w3.org/1999/XSL/Format"" xmlns:msxsl=""urn:schemas-microsoft-com:xslt"">

<head>

<META http-equiv=""Content-Type"" content=""text/html"">

</head>

<body style=""margin:0px 0px 0px 0px;overflow:auto;background:#FFFFFF;"">

<table style",,,,,"-1","0","-1",,,,0.0038622747555841
261706.5274,52522.02283,0.472146249,36.85981476,Stream/Seasonal Channel,"<html xmlns:fo=""http://www.w3.org/1999/XSL/Format"" xmlns:msxsl=""urn:schemas-microsoft-com:xslt"">

<head>

<META http-equiv=""Content-Type"" content=""text/html"">

</head>

<body style=""margin:0px 0px 0px 0px;overflow:auto;background:#FFFFFF;"">

<table style",,,,,"-1","0","-1",,,,0.0031667632099417
261706.5274,52522.02283,0.472146249,36.85981476,Stream/Seasonal Channel,"<html xmlns:fo=""http://www.w3.org/1999/XSL/Format"" xmlns:msxsl=""urn:schemas-microsoft-com:xslt"">

<head>

<META http-equiv=""Content-Type"" content=""text/html"">

</head>

<body style=""margin:0px 0px 0px 0px;overflow:auto;background:#FFFFFF;"">

<table style",,,,,"-1","0","-1",,,,0.0031667632099417
261723.687,53019.97871,0.476648303,36.85996747,Stream/Seasonal Channel,"<html xmlns:fo=""http://www.w3.org/1999/XSL/Format"" xmlns:msxsl=""urn:schemas-microsoft-com:xslt"">

<head>

<META http-equiv=""Content-Type"" content=""text/html"">

</head>

<body style=""margin:0px 0px 0px 0px;overflow:auto;background:#FFFFFF;"">

<table style",,,,,"-1","0","-1",,,,0.00269887383557518
261723.687,53019.97871,0.476648303,36.85996747,Stream/Seasonal Channel,"<html xmlns:fo=""http://www.w3.org/1999/XSL/Format"" xmlns:msxsl=""urn:schemas-microsoft-com:xslt"">

<head>

<META http-equiv=""Content-Type"" content=""text/html"">

</head>

<body style=""margin:0px 0px 0px 0px;overflow:auto;background:#FFFFFF;"">

<table style",,,,,"-1","0","-1",,,,0.00269887383557518
261890.7577,53196.34373,0.478243289,36.8614674,Stream/Seasonal Channel,"<html xmlns:fo=""http://www.w3.org/1999/XSL/Format"" xmlns:msxsl=""urn:schemas-microsoft-com:xslt"">

<head>

<META http-equiv=""Content-Type"" content=""text/html"">

</head>

<body style=""margin:0px 0px 0px 0px;overflow:auto;background:#FFFFFF;"">

<table style",,,,,"-1","0","-1",,,,0.00130591320150852
261952.9627,52292.56726,0.470072435,36.86202857,Stream/Seasonal Channel,"<html xmlns:fo=""http://www.w3.org/1999/XSL/Format"" xmlns:msxsl=""urn:schemas-microsoft-com:xslt"">

<head>

<META http-equiv=""Content-Type"" content=""text/html"">

</head>

<body style=""margin:0px 0px 0px 0px;overflow:auto;background:#FFFFFF;"">

<table style",,,,,"-1","0","-1",,,,0.00272991626236622
262003.1154,53264.0329,0.478855584,36.86247627,Stream/Seasonal Channel,"<html xmlns:fo=""http://www.w3.org/1999/XSL/Format"" xmlns:msxsl=""urn:schemas-microsoft-com:xslt"">

<head>

<META http-equiv=""Content-Type"" content=""text/html"">

</head>

<body style=""margin:0px 0px 0px 0px;overflow:auto;background:#FFFFFF;"">

<table style",,,,,"-1","0","-1",,,,0.00042381104859312
261338.5,5387.17245,0.04600112,36.85658199,River,"<html xmlns:fo=""http://www.w3.org/1999/XSL/Format"" xmlns:msxsl=""urn:schemas-microsoft-com:xslt"">

<head>

<META http-equiv=""Content-Type"" content=""text/html"">

</head>

<body style=""margin:0px 0px 0px 0px;overflow:auto;background:#FFFFFF;"">

<table style",,,,,"-1","0","-1",,,,0.208812657812161
260621.7528,55783.58058,0.50163067,36.85006329,Stream/Seasonal Channel,"<html xmlns:fo=""http://www.w3.org/1999/XSL/Format"" xmlns:msxsl=""urn:schemas-microsoft-com:xslt"">

<head>

<META http-equiv=""Content-Type"" content=""text/html"">

</head>

<body style=""margin:0px 0px 0px 0px;overflow:auto;background:#FFFFFF;"">

<table style",,,,,"-1","0","-1",,,,0.0027620553396375
260345.1697,53259.0992,0.47880626,36.84758671,Stream/Seasonal Channel,"<html xmlns:fo=""http://www.w3.org/1999/XSL/Format"" xmlns:msxsl=""urn:schemas-microsoft-com:xslt"">

<head>

<META http-equiv=""Content-Type"" content=""text/html"">

</head>

<body style=""margin:0px 0px 0px 0px;overflow:auto;background:#FFFFFF;"">

<table style",,,,,"-1","0","-1",,,,0.00208066563255886
259954.4523,53504.54773,0.481024214,36.8440771,Stream/Seasonal Channel,"<html xmlns:fo=""http://www.w3.org/1999/XSL/Format"" xmlns:msxsl=""urn:schemas-microsoft-com:xslt"">

<head>

<META http-equiv=""Content-Type"" content=""text/html"">

</head>

<body style=""margin:0px 0px 0px 0px;overflow:auto;background:#FFFFFF;"">

<table style",,,,,"-1","0","-1",,,,2.30115753852382e-05
259954.4523,53504.54773,0.481024214,36.8440771,Stream/Seasonal Channel,"<html xmlns:fo=""http://www.w3.org/1999/XSL/Format"" xmlns:msxsl=""urn:schemas-microsoft-com:xslt"">

<head>

<META http-equiv=""Content-Type"" content=""text/html"">

</head>

<body style=""margin:0px 0px 0px 0px;overflow:auto;background:#FFFFFF;"">

<table style",,,,,"-1","0","-1",,,,2.30115753852382e-05
259434.4123,53747.68081,0.483220847,36.8394061,Stream/Seasonal Channel,"<html xmlns:fo=""http://www.w3.org/1999/XSL/Format"" xmlns:msxsl=""urn:schemas-microsoft-com:xslt"">

<head>

<META http-equiv=""Content-Type"" content=""text/html"">

</head>

<body style=""margin:0px 0px 0px 0px;overflow:auto;background:#FFFFFF;"">

<table style",,,,,"-1","0","-1",,,,0.00164496489722745
259206.1041,54031.47562,0.48578593,36.83735492,Stream/Seasonal Channel,"<html xmlns:fo=""http://www.w3.org/1999/XSL/Format"" xmlns:msxsl=""urn:schemas-microsoft-com:xslt"">

<head>

<META http-equiv=""Content-Type"" content=""text/html"">

</head>

<body style=""margin:0px 0px 0px 0px;overflow:auto;background:#FFFFFF;"">

<table style",,,,,"-1","0","-1",,,,0.0048548655830688
260688.5731,55803.61493,0.501811998,36.85066333,Stream/Seasonal Channel,"<html xmlns:fo=""http://www.w3.org/1999/XSL/Format"" xmlns:msxsl=""urn:schemas-microsoft-com:xslt"">

<head>

<META http-equiv=""Content-Type"" content=""text/html"">

</head>

<body style=""margin:0px 0px 0px 0px;overflow:auto;background:#FFFFFF;"">

<table style",,,,,"-1","0","-1",,,,0.00337704275824156
260498.8606,52758.69778,0.474282615,36.84896837,Stream/Seasonal Channel,"<html xmlns:fo=""http://www.w3.org/1999/XSL/Format"" xmlns:msxsl=""urn:schemas-microsoft-com:xslt"">

<head>

<META http-equiv=""Content-Type"" content=""text/html"">

</head>

<body style=""margin:0px 0px 0px 0px;overflow:auto;background:#FFFFFF;"">

<table style",,,,,"-1","0","-1",,,,0.00105218813152005
259425,50382,0.452792203,36.83933094,Stream/Seasonal Channel,"<html xmlns:fo=""http://www.w3.org/1999/XSL/Format"" xmlns:msxsl=""urn:schemas-microsoft-com:xslt"">

<head>

<META http-equiv=""Content-Type"" content=""text/html"">

</head>

<body style=""margin:0px 0px 0px 0px;overflow:auto;background:#FFFFFF;"">

<table style",,,,,"-1","0","-1",,,,0.0026144547286823
258361.9264,53152.74738,0.477839068,36.82977621,Stream/Seasonal Channel,"<html xmlns:fo=""http://www.w3.org/1999/XSL/Format"" xmlns:msxsl=""urn:schemas-microsoft-com:xslt"">

<head>

<META http-equiv=""Content-Type"" content=""text/html"">

</head>

<body style=""margin:0px 0px 0px 0px;overflow:auto;background:#FFFFFF;"">

<table style",,,,,"-1","0","-1",,,,0.00308988324173612
258904.1532,53676.5,0.482575779,36.83464424,Stream/Seasonal Channel,"<html xmlns:fo=""http://www.w3.org/1999/XSL/Format"" xmlns:msxsl=""urn:schemas-microsoft-com:xslt"">

<head>

<META http-equiv=""Content-Type"" content=""text/html"">

</head>

<body style=""margin:0px 0px 0px 0px;overflow:auto;background:#FFFFFF;"">

<table style",,,,,"-1","0","-1",,,,0.00496521133311946
258904.1532,53676.5,0.482575779,36.83464424,Stream/Seasonal Channel,"<html xmlns:fo=""http://www.w3.org/1999/XSL/Format"" xmlns:msxsl=""urn:schemas-microsoft-com:xslt"">

<head>

<META http-equiv=""Content-Type"" content=""text/html"">

</head>

<body style=""margin:0px 0px 0px 0px;overflow:auto;background:#FFFFFF;"">

<table style",,,,,"-1","0","-1",,,,0.00496521133311946
259895.5788,53713.5,0.482913156,36.84354778,Stream/Seasonal Channel,"<html xmlns:fo=""http://www.w3.org/1999/XSL/Format"" xmlns:msxsl=""urn:schemas-microsoft-com:xslt"">

<head>

<META http-equiv=""Content-Type"" content=""text/html"">

</head>

<body style=""margin:0px 0px 0px 0px;overflow:auto;background:#FFFFFF;"">

<table style",,,,,"-1","0","-1",,,,0.00034256051557607
259546.3038,52365.47296,0.470724828,36.84041488,Stream/Seasonal Channel,"<html xmlns:fo=""http://www.w3.org/1999/XSL/Format"" xmlns:msxsl=""urn:schemas-microsoft-com:xslt"">

<head>

<META http-equiv=""Content-Type"" content=""text/html"">

</head>

<body style=""margin:0px 0px 0px 0px;overflow:auto;background:#FFFFFF;"">

<table style",,,,,"-1","0","-1",,,,0.00335303119081592
259413.2556,52285.49124,0.47000135,36.83922024,Stream/Seasonal Channel,"<html xmlns:fo=""http://www.w3.org/1999/XSL/Format"" xmlns:msxsl=""urn:schemas-microsoft-com:xslt"">

<head>

<META http-equiv=""Content-Type"" content=""text/html"">

</head>

<body style=""margin:0px 0px 0px 0px;overflow:auto;background:#FFFFFF;"">

<table style",,,,,"-1","0","-1",,,,0.00457833862795408
259413.2556,52285.49124,0.47000135,36.83922024,Stream/Seasonal Channel,"<html xmlns:fo=""http://www.w3.org/1999/XSL/Format"" xmlns:msxsl=""urn:schemas-microsoft-com:xslt"">

<head>

<META http-equiv=""Content-Type"" content=""text/html"">

</head>

<body style=""margin:0px 0px 0px 0px;overflow:auto;background:#FFFFFF;"">

<table style",,,,,"-1","0","-1",,,,0.00457833862795408
259119.6837,52255.81417,0.469732218,36.83658387,Stream/Seasonal Channel,"<html xmlns:fo=""http://www.w3.org/1999/XSL/Format"" xmlns:msxsl=""urn:schemas-microsoft-com:xslt"">

<head>

<META http-equiv=""Content-Type"" content=""text/html"">

</head>

<body style=""margin:0px 0px 0px 0px;overflow:auto;background:#FFFFFF;"">

<table style",,,,,"-1","0","-1",,,,0.00697252302221088
259788.2102,50176,0.450930767,36.84259335,Stream/Seasonal Channel,"<html xmlns:fo=""http://www.w3.org/1999/XSL/Format"" xmlns:msxsl=""urn:schemas-microsoft-com:xslt"">

<head>

<META http-equiv=""Content-Type"" content=""text/html"">

</head>

<body style=""margin:0px 0px 0px 0px;overflow:auto;background:#FFFFFF;"">

<table style",,,,,"-1","0","-1",,,,0.00114116558845151
259611,51865,0.466200303,36.84099728,Stream/Seasonal Channel,"<html xmlns:fo=""http://www.w3.org/1999/XSL/Format"" xmlns:msxsl=""urn:schemas-microsoft-com:xslt"">

<head>

<META http-equiv=""Content-Type"" content=""text/html"">

</head>

<body style=""margin:0px 0px 0px 0px;overflow:auto;background:#FFFFFF;"">

<table style",,,,,"-1","0","-1",,,,0.00266092525051112
259620.5594,52111.0358,0.468424706,36.84108245,Stream/Seasonal Channel,"<html xmlns:fo=""http://www.w3.org/1999/XSL/Format"" xmlns:msxsl=""urn:schemas-microsoft-com:xslt"">

<head>

<META http-equiv=""Content-Type"" content=""text/html"">

</head>

<body style=""margin:0px 0px 0px 0px;overflow:auto;background:#FFFFFF;"">

<table style",,,,,"-1","0","-1",,,,0.00292020801622983
259830.6283,53245.76546,0.47868424,36.84296581,Stream/Seasonal Channel,"<html xmlns:fo=""http://www.w3.org/1999/XSL/Format"" xmlns:msxsl=""urn:schemas-microsoft-com:xslt"">

<head>

<META http-equiv=""Content-Type"" content=""text/html"">

</head>

<body style=""margin:0px 0px 0px 0px;overflow:auto;background:#FFFFFF;"">

<table style",,,,,"-1","0","-1",,,,0.00147448878132341
260498.091,52706,0.473806177,36.84896161,Stream/Seasonal Channel,"<html xmlns:fo=""http://www.w3.org/1999/XSL/Format"" xmlns:msxsl=""urn:schemas-microsoft-com:xslt"">

<head>

<META http-equiv=""Content-Type"" content=""text/html"">

</head>

<body style=""margin:0px 0px 0px 0px;overflow:auto;background:#FFFFFF;"">

<table style",,,,,"-1","0","-1",,,,0.00105689019036367
260680.4337,51867.68729,0.466227576,36.8506015,Stream/Seasonal Channel,"<html xmlns:fo=""http://www.w3.org/1999/XSL/Format"" xmlns:msxsl=""urn:schemas-microsoft-com:xslt"">

<head>

<META http-equiv=""Content-Type"" content=""text/html"">

</head>

<body style=""margin:0px 0px 0px 0px;overflow:auto;background:#FFFFFF;"">

<table style",,,,,"-1","0","-1",,,,0.000555908452333843
260377.5244,51475.32676,0.462679441,36.84788225,Stream/Seasonal Channel,"<html xmlns:fo=""http://www.w3.org/1999/XSL/Format"" xmlns:msxsl=""urn:schemas-microsoft-com:xslt"">

<head>

<META http-equiv=""Content-Type"" content=""text/html"">

</head>

<body style=""margin:0px 0px 0px 0px;overflow:auto;background:#FFFFFF;"">

<table style",,,,,"-1","0","-1",,,,0.00382105436714086
260377.5244,51475.32676,0.462679441,36.84788225,Stream/Seasonal Channel,"<html xmlns:fo=""http://www.w3.org/1999/XSL/Format"" xmlns:msxsl=""urn:schemas-microsoft-com:xslt"">

<head>

<META http-equiv=""Content-Type"" content=""text/html"">

</head>

<body style=""margin:0px 0px 0px 0px;overflow:auto;background:#FFFFFF;"">

<table style",,,,,"-1","0","-1",,,,0.00382105436714086
260398,51468,0.462613257,36.84806615,Stream/Seasonal Channel,"<html xmlns:fo=""http://www.w3.org/1999/XSL/Format"" xmlns:msxsl=""urn:schemas-microsoft-com:xslt"">

<head>

<META http-equiv=""Content-Type"" content=""text/html"">

</head>

<body style=""margin:0px 0px 0px 0px;overflow:auto;background:#FFFFFF;"">

<table style",,,,,"-1","0","-1",,,,0.00366179810383491
261278.3514,52264.58169,0.469817537,36.85597013,Stream/Seasonal Channel,"<html xmlns:fo=""http://www.w3.org/1999/XSL/Format"" xmlns:msxsl=""urn:schemas-microsoft-com:xslt"">

<head>

<META http-equiv=""Content-Type"" content=""text/html"">

</head>

<body style=""margin:0px 0px 0px 0px;overflow:auto;background:#FFFFFF;"">

<table style",,,,,"-1","0","-1",,,,0.00566976839853447
260513.5469,51553.25133,0.463384325,36.84910361,Stream/Seasonal Channel,"<html xmlns:fo=""http://www.w3.org/1999/XSL/Format"" xmlns:msxsl=""urn:schemas-microsoft-com:xslt"">

<head>

<META http-equiv=""Content-Type"" content=""text/html"">

</head>

<body style=""margin:0px 0px 0px 0px;overflow:auto;background:#FFFFFF;"">

<table style",,,,,"-1","0","-1",,,,0.0024606566734927
260412.6269,51479,0.462712747,36.84819748,Stream/Seasonal Channel,"<html xmlns:fo=""http://www.w3.org/1999/XSL/Format"" xmlns:msxsl=""urn:schemas-microsoft-com:xslt"">

<head>

<META http-equiv=""Content-Type"" content=""text/html"">

</head>

<body style=""margin:0px 0px 0px 0px;overflow:auto;background:#FFFFFF;"">

<table style",,,,,"-1","0","-1",,,,0.00350851126752302
260881.6486,52215.41831,0.469371946,36.85240759,Stream/Seasonal Channel,"<html xmlns:fo=""http://www.w3.org/1999/XSL/Format"" xmlns:msxsl=""urn:schemas-microsoft-com:xslt"">

<head>

<META http-equiv=""Content-Type"" content=""text/html"">

</head>

<body style=""margin:0px 0px 0px 0px;overflow:auto;background:#FFFFFF;"">

<table style",,,,,"-1","0","-1",,,,0.00220594486373769
258826.3064,51241,0.46055664,36.83395197,Stream/Seasonal Channel,"<html xmlns:fo=""http://www.w3.org/1999/XSL/Format"" xmlns:msxsl=""urn:schemas-microsoft-com:xslt"">

<head>

<META http-equiv=""Content-Type"" content=""text/html"">

</head>

<body style=""margin:0px 0px 0px 0px;overflow:auto;background:#FFFFFF;"">

<table style",,,,,"-1","0","-1",,,,0.00877638103848436
259049.7069,51849.59322,0.466059446,36.83595656,Stream/Seasonal Channel,"<html xmlns:fo=""http://www.w3.org/1999/XSL/Format"" xmlns:msxsl=""urn:schemas-microsoft-com:xslt"">

<head>

<META http-equiv=""Content-Type"" content=""text/html"">

</head>

<body style=""margin:0px 0px 0px 0px;overflow:auto;background:#FFFFFF;"">

<table style",,,,,"-1","0","-1",,,,0.00770313934328434
259413,52321,0.470322378,36.83921785,Stream/Seasonal Channel,"<html xmlns:fo=""http://www.w3.org/1999/XSL/Format"" xmlns:msxsl=""urn:schemas-microsoft-com:xslt"">

<head>

<META http-equiv=""Content-Type"" content=""text/html"">

</head>

<body style=""margin:0px 0px 0px 0px;overflow:auto;background:#FFFFFF;"">

<table style",,,,,"-1","0","-1",,,,0.00455251584825879
258053.2696,53723.49866,0.482998215,36.82700266,River,"<html xmlns:fo=""http://www.w3.org/1999/XSL/Format"" xmlns:msxsl=""urn:schemas-microsoft-com:xslt"">

<head>

<META http-equiv=""Content-Type"" content=""text/html"">

</head>

<body style=""margin:0px 0px 0px 0px;overflow:auto;background:#FFFFFF;"">

<table style",,,,,"-1","0","-1",,,,0.00544589602419888
258678.7966,51257.19481,0.460702646,36.83262721,Stream/Seasonal Channel,"<html xmlns:fo=""http://www.w3.org/1999/XSL/Format"" xmlns:msxsl=""urn:schemas-microsoft-com:xslt"">

<head>

<META http-equiv=""Content-Type"" content=""text/html"">

</head>

<body style=""margin:0px 0px 0px 0px;overflow:auto;background:#FFFFFF;"">

<table style",,,,,"-1","0","-1",,,,0.0100815598155929
261935.759,52989.04494,0.476369231,36.86187213,Stream/Seasonal Channel,"<html xmlns:fo=""http://www.w3.org/1999/XSL/Format"" xmlns:msxsl=""urn:schemas-microsoft-com:xslt"">

<head>

<META http-equiv=""Content-Type"" content=""text/html"">

</head>

<body style=""margin:0px 0px 0px 0px;overflow:auto;background:#FFFFFF;"">

<table style",,,,,"-1","0","-1",,,,0.000790227513650636
260864.714,55533.83854,0.499373496,36.85224601,Stream/Seasonal Channel,"<html xmlns:fo=""http://www.w3.org/1999/XSL/Format"" xmlns:msxsl=""urn:schemas-microsoft-com:xslt"">

<head>

<META http-equiv=""Content-Type"" content=""text/html"">

</head>

<body style=""margin:0px 0px 0px 0px;overflow:auto;background:#FFFFFF;"">

<table style",,,,,"-1","0","-1",,,,0.00434402916794809
260864.714,55533.83854,0.499373496,36.85224601,Stream/Seasonal Channel,"<html xmlns:fo=""http://www.w3.org/1999/XSL/Format"" xmlns:msxsl=""urn:schemas-microsoft-com:xslt"">

<head>

<META http-equiv=""Content-Type"" content=""text/html"">

</head>

<body style=""margin:0px 0px 0px 0px;overflow:auto;background:#FFFFFF;"">

<table style",,,,,"-1","0","-1",,,,0.00434402916794809
260620.4327,55683.03733,0.500721663,36.85005174,Stream/Seasonal Channel,"<html xmlns:fo=""http://www.w3.org/1999/XSL/Format"" xmlns:msxsl=""urn:schemas-microsoft-com:xslt"">

<head>

<META http-equiv=""Content-Type"" content=""text/html"">

</head>

<body style=""margin:0px 0px 0px 0px;overflow:auto;background:#FFFFFF;"">

<table style",,,,,"-1","0","-1",,,,0.00262036846428536
260390.8949,54808,0.492809851,36.84799289,Stream/Seasonal Channel,"<html xmlns:fo=""http://www.w3.org/1999/XSL/Format"" xmlns:msxsl=""urn:schemas-microsoft-com:xslt"">

<head>

<META http-equiv=""Content-Type"" content=""text/html"">

</head>

<body style=""margin:0px 0px 0px 0px;overflow:auto;background:#FFFFFF;"">

<table style",,,,,"-1","0","-1",,,,0.000714713917991584
261444.1948,54320.79665,0.488408154,36.85745372,Stream/Seasonal Channel,"<html xmlns:fo=""http://www.w3.org/1999/XSL/Format"" xmlns:msxsl=""urn:schemas-microsoft-com:xslt"">

<head>

<META http-equiv=""Content-Type"" content=""text/html"">

</head>

<body style=""margin:0px 0px 0px 0px;overflow:auto;background:#FFFFFF;"">

<table style",,,,,"-1","0","-1",,,,0.00674911131928989
260503,54115,0.486544831,36.84900169,Stream/Seasonal Channel,"<html xmlns:fo=""http://www.w3.org/1999/XSL/Format"" xmlns:msxsl=""urn:schemas-microsoft-com:xslt"">

<head>

<META http-equiv=""Content-Type"" content=""text/html"">

</head>

<body style=""margin:0px 0px 0px 0px;overflow:auto;background:#FFFFFF;"">

<table style",,,,,"-1","0","-1",,,,0.00274808679693065
25872.7748,54381.85606,0.487940379,34.74379547,Stream/Seasonal Channel,"<html xmlns:fo=""http://www.w3.org/1999/XSL/Format"" xmlns:msxsl=""urn:schemas-microsoft-com:xslt"">

<head>

<META http-equiv=""Content-Type"" content=""text/html"">

</head>

<body style=""margin:0px 0px 0px 0px;overflow:auto;background:#FFFFFF;"">

<table style",,,,,"-1","0","-1",,,,1.98516155395694
260027.8993,53461.5,0.480635235,36.84473683,Stream/Seasonal Channel,"<html xmlns:fo=""http://www.w3.org/1999/XSL/Format"" xmlns:msxsl=""urn:schemas-microsoft-com:xslt"">

<head>

<META http-equiv=""Content-Type"" content=""text/html"">

</head>

<body style=""margin:0px 0px 0px 0px;overflow:auto;background:#FFFFFF;"">

<table style",,,,,"-1","0","-1",,,,0.000619313923742636
260188.8344,53505.07495,0.481029653,36.84618201,Stream/Seasonal Channel,"<html xmlns:fo=""http://www.w3.org/1999/XSL/Format"" xmlns:msxsl=""urn:schemas-microsoft-com:xslt"">

<head>

<META http-equiv=""Content-Type"" content=""text/html"">

</head>

<body style=""margin:0px 0px 0px 0px;overflow:auto;background:#FFFFFF;"">

<table style",,,,,"-1","0","-1",,,,0.00210478293161641
260156.9251,53564.16555,0.481563793,36.84589527,Stream/Seasonal Channel,"<html xmlns:fo=""http://www.w3.org/1999/XSL/Format"" xmlns:msxsl=""urn:schemas-microsoft-com:xslt"">

<head>

<META http-equiv=""Content-Type"" content=""text/html"">

</head>

<body style=""margin:0px 0px 0px 0px;overflow:auto;background:#FFFFFF;"">

<table style",,,,,"-1","0","-1",,,,0.00191361473060451
259575.8635,49783.52391,0.447381873,36.84068739,Stream/Seasonal Channel,"<html xmlns:fo=""http://www.w3.org/1999/XSL/Format"" xmlns:msxsl=""urn:schemas-microsoft-com:xslt"">

<head>

<META http-equiv=""Content-Type"" content=""text/html"">

</head>

<body style=""margin:0px 0px 0px 0px;overflow:auto;background:#FFFFFF;"">

<table style",,,,,"-1","0","-1",,,,0.0014124651774327
259575.8635,49783.52391,0.447381873,36.84068739,Stream/Seasonal Channel,"<html xmlns:fo=""http://www.w3.org/1999/XSL/Format"" xmlns:msxsl=""urn:schemas-microsoft-com:xslt"">

<head>

<META http-equiv=""Content-Type"" content=""text/html"">

</head>

<body style=""margin:0px 0px 0px 0px;overflow:auto;background:#FFFFFF;"">

<table style",,,,,"-1","0","-1",,,,0.0014124651774327
258653.6987,51277,0.460881632,36.83240176,Stream/Seasonal Channel,"<html xmlns:fo=""http://www.w3.org/1999/XSL/Format"" xmlns:msxsl=""urn:schemas-microsoft-com:xslt"">

<head>

<META http-equiv=""Content-Type"" content=""text/html"">

</head>

<body style=""margin:0px 0px 0px 0px;overflow:auto;background:#FFFFFF;"">

<table style",,,,,"-1","0","-1",,,,0.0103503412243997
259812,53268,0.478885207,36.84279846,Stream/Seasonal Channel,"<html xmlns:fo=""http://www.w3.org/1999/XSL/Format"" xmlns:msxsl=""urn:schemas-microsoft-com:xslt"">

<head>

<META http-equiv=""Content-Type"" content=""text/html"">

</head>

<body style=""margin:0px 0px 0px 0px;overflow:auto;background:#FFFFFF;"">

<table style",,,,,"-1","0","-1",,,,0.00165887589300936
259865.2182,50189.57234,0.451053681,36.84328489,Stream/Seasonal Channel,"<html xmlns:fo=""http://www.w3.org/1999/XSL/Format"" xmlns:msxsl=""urn:schemas-microsoft-com:xslt"">

<head>

<META http-equiv=""Content-Type"" content=""text/html"">

</head>

<body style=""margin:0px 0px 0px 0px;overflow:auto;background:#FFFFFF;"">

<table style",,,,,"-1","0","-1",,,,0.00120074488771757
260639,51499,0.46289419,36.85023041,Stream/Seasonal Channel,"<html xmlns:fo=""http://www.w3.org/1999/XSL/Format"" xmlns:msxsl=""urn:schemas-microsoft-com:xslt"">

<head>

<META http-equiv=""Content-Type"" content=""text/html"">

</head>

<body style=""margin:0px 0px 0px 0px;overflow:auto;background:#FFFFFF;"">

<table style",,,,,"-1","0","-1",,,,0.00150255608844952
260869.1052,52245.41697,0.469643126,36.85229486,Stream/Seasonal Channel,"<html xmlns:fo=""http://www.w3.org/1999/XSL/Format"" xmlns:msxsl=""urn:schemas-microsoft-com:xslt"">

<head>

<META http-equiv=""Content-Type"" content=""text/html"">

</head>

<body style=""margin:0px 0px 0px 0px;overflow:auto;background:#FFFFFF;"">

<table style",,,,,"-1","0","-1",,,,0.00218760347976852
261059.5,52260.21985,0.46977749,36.8540047,Stream/Seasonal Channel,"<html xmlns:fo=""http://www.w3.org/1999/XSL/Format"" xmlns:msxsl=""urn:schemas-microsoft-com:xslt"">

<head>

<META http-equiv=""Content-Type"" content=""text/html"">

</head>

<body style=""margin:0px 0px 0px 0px;overflow:auto;background:#FFFFFF;"">

<table style",,,,,"-1","0","-1",,,,0.00381296321617474
261496.1384,52275.02684,0.469912579,36.85792599,Stream/Seasonal Channel,"<html xmlns:fo=""http://www.w3.org/1999/XSL/Format"" xmlns:msxsl=""urn:schemas-microsoft-com:xslt"">

<head>

<META http-equiv=""Content-Type"" content=""text/html"">

</head>

<body style=""margin:0px 0px 0px 0px;overflow:auto;background:#FFFFFF;"">

<table style",,,,,"-1","0","-1",,,,0.00571195660855149
261496.1384,52275.02684,0.469912579,36.85792599,Stream/Seasonal Channel,"<html xmlns:fo=""http://www.w3.org/1999/XSL/Format"" xmlns:msxsl=""urn:schemas-microsoft-com:xslt"">

<head>

<META http-equiv=""Content-Type"" content=""text/html"">

</head>

<body style=""margin:0px 0px 0px 0px;overflow:auto;background:#FFFFFF;"">

<table style",,,,,"-1","0","-1",,,,0.00571195660855149
261851.5746,53263.13785,0.478847062,36.86111532,Stream/Seasonal Channel,"<html xmlns:fo=""http://www.w3.org/1999/XSL/Format"" xmlns:msxsl=""urn:schemas-microsoft-com:xslt"">

<head>

<META http-equiv=""Content-Type"" content=""text/html"">

</head>

<body style=""margin:0px 0px 0px 0px;overflow:auto;background:#FFFFFF;"">

<table style",,,,,"-1","0","-1",,,,0.0017304444288527
260819.4308,55253,0.496834321,36.85184016,Stream/Seasonal Channel,"<html xmlns:fo=""http://www.w3.org/1999/XSL/Format"" xmlns:msxsl=""urn:schemas-microsoft-com:xslt"">

<head>

<META http-equiv=""Content-Type"" content=""text/html"">

</head>

<body style=""margin:0px 0px 0px 0px;overflow:auto;background:#FFFFFF;"">

<table style",,,,,"-1","0","-1",,,,0.00357755690409418
259837.8963,55361.24524,0.497810044,36.84302495,Stream/Seasonal Channel,"<html xmlns:fo=""http://www.w3.org/1999/XSL/Format"" xmlns:msxsl=""urn:schemas-microsoft-com:xslt"">

<head>

<META http-equiv=""Content-Type"" content=""text/html"">

</head>

<body style=""margin:0px 0px 0px 0px;overflow:auto;background:#FFFFFF;"">

<table style",,,,,"-1","0","-1",,,,0.0009926577805384
260880.79,55472.02971,0.498814734,36.85239056,Stream/Seasonal Channel,"<html xmlns:fo=""http://www.w3.org/1999/XSL/Format"" xmlns:msxsl=""urn:schemas-microsoft-com:xslt"">

<head>

<META http-equiv=""Content-Type"" content=""text/html"">

</head>

<body style=""margin:0px 0px 0px 0px;overflow:auto;background:#FFFFFF;"">

<table style",,,,,"-1","0","-1",,,,0.0044257988685511
260880.79,55472.02971,0.498814734,36.85239056,Stream/Seasonal Channel,"<html xmlns:fo=""http://www.w3.org/1999/XSL/Format"" xmlns:msxsl=""urn:schemas-microsoft-com:xslt"">

<head>

<META http-equiv=""Content-Type"" content=""text/html"">

</head>

<body style=""margin:0px 0px 0px 0px;overflow:auto;background:#FFFFFF;"">

<table style",,,,,"-1","0","-1",,,,0.0044257988685511
260026.6438,53553.04142,0.481462847,36.84472529,Stream/Seasonal Channel,"<html xmlns:fo=""http://www.w3.org/1999/XSL/Format"" xmlns:msxsl=""urn:schemas-microsoft-com:xslt"">

<head>

<META http-equiv=""Content-Type"" content=""text/html"">

</head>

<body style=""margin:0px 0px 0px 0px;overflow:auto;background:#FFFFFF;"">

<table style",,,,,"-1","0","-1",,,,0.000748187140692494
261547.1107,54530.14033,0.490301121,36.85837738,Stream/Seasonal Channel,"<html xmlns:fo=""http://www.w3.org/1999/XSL/Format"" xmlns:msxsl=""urn:schemas-microsoft-com:xslt"">

<head>

<META http-equiv=""Content-Type"" content=""text/html"">

</head>

<body style=""margin:0px 0px 0px 0px;overflow:auto;background:#FFFFFF;"">

<table style",,,,,"-1","0","-1",,,,0.00765422382412888
260960.6462,55226,0.496590633,36.85310846,Stream/Seasonal Channel,"<html xmlns:fo=""http://www.w3.org/1999/XSL/Format"" xmlns:msxsl=""urn:schemas-microsoft-com:xslt"">

<head>

<META http-equiv=""Content-Type"" content=""text/html"">

</head>

<body style=""margin:0px 0px 0px 0px;overflow:auto;background:#FFFFFF;"">

<table style",,,,,"-1","0","-1",,,,0.00476598490278321
260960.6462,55226,0.496590633,36.85310846,Stream/Seasonal Channel,"<html xmlns:fo=""http://www.w3.org/1999/XSL/Format"" xmlns:msxsl=""urn:schemas-microsoft-com:xslt"">

<head>

<META http-equiv=""Content-Type"" content=""text/html"">

</head>

<body style=""margin:0px 0px 0px 0px;overflow:auto;background:#FFFFFF;"">

<table style",,,,,"-1","0","-1",,,,0.00476598490278321
260153.6486,55872.41831,0.502432442,36.84585911,Stream/Seasonal Channel,"<html xmlns:fo=""http://www.w3.org/1999/XSL/Format"" xmlns:msxsl=""urn:schemas-microsoft-com:xslt"">

<head>

<META http-equiv=""Content-Type"" content=""text/html"">

</head>

<body style=""margin:0px 0px 0px 0px;overflow:auto;background:#FFFFFF;"">

<table style",,,,,"-1","0","-1",,,,0.000582031628504662
261769.3717,52581.23454,0.472681757,36.86037898,Stream/Seasonal Channel,"<html xmlns:fo=""http://www.w3.org/1999/XSL/Format"" xmlns:msxsl=""urn:schemas-microsoft-com:xslt"">

<head>

<META http-equiv=""Content-Type"" content=""text/html"">

</head>

<body style=""margin:0px 0px 0px 0px;overflow:auto;background:#FFFFFF;"">

<table style",,,,,"-1","0","-1",,,,0.00256327988920434
261337,52083.37307,0.468179402,36.85649734,Stream/Seasonal Channel,"<html xmlns:fo=""http://www.w3.org/1999/XSL/Format"" xmlns:msxsl=""urn:schemas-microsoft-com:xslt"">

<head>

<META http-equiv=""Content-Type"" content=""text/html"">

</head>

<body style=""margin:0px 0px 0px 0px;overflow:auto;background:#FFFFFF;"">

<table style",,,,,"-1","0","-1",,,,0.00564316358231649
259409.424,54169.55893,0.487034912,36.83918047,Stream/Seasonal Channel,"<html xmlns:fo=""http://www.w3.org/1999/XSL/Format"" xmlns:msxsl=""urn:schemas-microsoft-com:xslt"">

<head>

<META http-equiv=""Content-Type"" content=""text/html"">

</head>

<body style=""margin:0px 0px 0px 0px;overflow:auto;background:#FFFFFF;"">

<table style",,,,,"-1","0","-1",,,,0.00400486731493557
259485.7115,54864.35822,0.493316713,36.83986356,Stream/Seasonal Channel,"<html xmlns:fo=""http://www.w3.org/1999/XSL/Format"" xmlns:msxsl=""urn:schemas-microsoft-com:xslt"">

<head>

<META http-equiv=""Content-Type"" content=""text/html"">

</head>

<body style=""margin:0px 0px 0px 0px;overflow:auto;background:#FFFFFF;"">

<table style",,,,,"-1","0","-1",,,,0.00307664287133337
259900,55292,0.497184191,36.84358289,Stream/Seasonal Channel,"<html xmlns:fo=""http://www.w3.org/1999/XSL/Format"" xmlns:msxsl=""urn:schemas-microsoft-com:xslt"">

<head>

<META http-equiv=""Content-Type"" content=""text/html"">

</head>

<body style=""margin:0px 0px 0px 0px;overflow:auto;background:#FFFFFF;"">

<table style",,,,,"-1","0","-1",,,,0.000407906523230894
260042.1404,56367.5776,0.506908785,36.84485621,River,"<html xmlns:fo=""http://www.w3.org/1999/XSL/Format"" xmlns:msxsl=""urn:schemas-microsoft-com:xslt"">

<head>

<META http-equiv=""Content-Type"" content=""text/html"">

</head>

<body style=""margin:0px 0px 0px 0px;overflow:auto;background:#FFFFFF;"">

<table style",,,,,"-1","0","-1",,,,0.000622674887798353
260042.1404,56367.5776,0.506908785,36.84485621,River,"<html xmlns:fo=""http://www.w3.org/1999/XSL/Format"" xmlns:msxsl=""urn:schemas-microsoft-com:xslt"">

<head>

<META http-equiv=""Content-Type"" content=""text/html"">

</head>

<body style=""margin:0px 0px 0px 0px;overflow:auto;background:#FFFFFF;"">

<table style",,,,,"-1","0","-1",,,,0.000622674887798353
261018,55738,0.501219762,36.85362203,River,"<html xmlns:fo=""http://www.w3.org/1999/XSL/Format"" xmlns:msxsl=""urn:schemas-microsoft-com:xslt"">

<head>

<META http-equiv=""Content-Type"" content=""text/html"">

</head>

<body style=""margin:0px 0px 0px 0px;overflow:auto;background:#FFFFFF;"">

<table style",,,,,"-1","0","-1",,,,0.00525236701358588
261018,55738,0.501219762,36.85362203,River,"<html xmlns:fo=""http://www.w3.org/1999/XSL/Format"" xmlns:msxsl=""urn:schemas-microsoft-com:xslt"">

<head>

<META http-equiv=""Content-Type"" content=""text/html"">

</head>

<body style=""margin:0px 0px 0px 0px;overflow:auto;background:#FFFFFF;"">

<table style",,,,,"-1","0","-1",,,,0.00525236701358588
260938.3601,55564.93991,0.4996549,36.85290731,Stream/Seasonal Channel,"<html xmlns:fo=""http://www.w3.org/1999/XSL/Format"" xmlns:msxsl=""urn:schemas-microsoft-com:xslt"">

<head>

<META http-equiv=""Content-Type"" content=""text/html"">

</head>

<body style=""margin:0px 0px 0px 0px;overflow:auto;background:#FFFFFF;"">

<table style",,,,,"-1","0","-1",,,,0.00504034150875073
261608.493,52204.5,0.469275261,36.85893522,Stream/Seasonal Channel,"<html xmlns:fo=""http://www.w3.org/1999/XSL/Format"" xmlns:msxsl=""urn:schemas-microsoft-com:xslt"">

<head>

<META http-equiv=""Content-Type"" content=""text/html"">

</head>

<body style=""margin:0px 0px 0px 0px;overflow:auto;background:#FFFFFF;"">

<table style",,,,,"-1","0","-1",,,,0.00523540361097727
261479.2636,53054.87358,0.476963095,36.85777227,Stream/Seasonal Channel,"<html xmlns:fo=""http://www.w3.org/1999/XSL/Format"" xmlns:msxsl=""urn:schemas-microsoft-com:xslt"">

<head>

<META http-equiv=""Content-Type"" content=""text/html"">

</head>

<body style=""margin:0px 0px 0px 0px;overflow:auto;background:#FFFFFF;"">

<table style",,,,,"-1","0","-1",,,,0.00490832541424689
261872.9971,53611.82613,0.481999607,36.86130672,Stream/Seasonal Channel,"<html xmlns:fo=""http://www.w3.org/1999/XSL/Format"" xmlns:msxsl=""urn:schemas-microsoft-com:xslt"">

<head>

<META http-equiv=""Content-Type"" content=""text/html"">

</head>

<body style=""margin:0px 0px 0px 0px;overflow:auto;background:#FFFFFF;"">

<table style",,,,,"-1","0","-1",,,,0.00338059858975369
261227.493,55004.5,0.494588851,36.85550559,Stream/Seasonal Channel,"<html xmlns:fo=""http://www.w3.org/1999/XSL/Format"" xmlns:msxsl=""urn:schemas-microsoft-com:xslt"">

<head>

<META http-equiv=""Content-Type"" content=""text/html"">

</head>

<body style=""margin:0px 0px 0px 0px;overflow:auto;background:#FFFFFF;"">

<table style",,,,,"-1","0","-1",,,,0.00499344036751783
260877.0755,55547.19662,0.499494302,36.85235698,Stream/Seasonal Channel,"<html xmlns:fo=""http://www.w3.org/1999/XSL/Format"" xmlns:msxsl=""urn:schemas-microsoft-com:xslt"">

<head>

<META http-equiv=""Content-Type"" content=""text/html"">

</head>

<body style=""margin:0px 0px 0px 0px;overflow:auto;background:#FFFFFF;"">

<table style",,,,,"-1","0","-1",,,,0.00447121801509876
260417.0154,55849.89899,0.502229636,36.84822441,Stream/Seasonal Channel,"<html xmlns:fo=""http://www.w3.org/1999/XSL/Format"" xmlns:msxsl=""urn:schemas-microsoft-com:xslt"">

<head>

<META http-equiv=""Content-Type"" content=""text/html"">

</head>

<body style=""margin:0px 0px 0px 0px;overflow:auto;background:#FFFFFF;"">

<table style",,,,,"-1","0","-1",,,,0.00100696875537057
260138.9298,55590.05536,0.499879586,36.84572777,Stream/Seasonal Channel,"<html xmlns:fo=""http://www.w3.org/1999/XSL/Format"" xmlns:msxsl=""urn:schemas-microsoft-com:xslt"">

<head>

<META http-equiv=""Content-Type"" content=""text/html"">

</head>

<body style=""margin:0px 0px 0px 0px;overflow:auto;background:#FFFFFF;"">

<table style",,,,,"-1","0","-1",,,,0.00108095802124142
259841.3619,55031.29322,0.494827,36.84305705,Stream/Seasonal Channel,"<html xmlns:fo=""http://www.w3.org/1999/XSL/Format"" xmlns:msxsl=""urn:schemas-microsoft-com:xslt"">

<head>

<META http-equiv=""Content-Type"" content=""text/html"">

</head>

<body style=""margin:0px 0px 0px 0px;overflow:auto;background:#FFFFFF;"">

<table style",,,,,"-1","0","-1",,,,0.000763471026832043
259841.3619,55031.29322,0.494827,36.84305705,Stream/Seasonal Channel,"<html xmlns:fo=""http://www.w3.org/1999/XSL/Format"" xmlns:msxsl=""urn:schemas-microsoft-com:xslt"">

<head>

<META http-equiv=""Content-Type"" content=""text/html"">

</head>

<body style=""margin:0px 0px 0px 0px;overflow:auto;background:#FFFFFF;"">

<table style",,,,,"-1","0","-1",,,,0.000763471026832043
259290.2836,54710.01867,0.491920776,36.83810894,Stream/Seasonal Channel,"<html xmlns:fo=""http://www.w3.org/1999/XSL/Format"" xmlns:msxsl=""urn:schemas-microsoft-com:xslt"">

<head>

<META http-equiv=""Content-Type"" content=""text/html"">

</head>

<body style=""margin:0px 0px 0px 0px;overflow:auto;background:#FFFFFF;"">

<table style",,,,,"-1","0","-1",,,,0.00464232202024379
259333.3878,53697.5,0.482766878,36.83849898,Stream/Seasonal Channel,"<html xmlns:fo=""http://www.w3.org/1999/XSL/Format"" xmlns:msxsl=""urn:schemas-microsoft-com:xslt"">

<head>

<META http-equiv=""Content-Type"" content=""text/html"">

</head>

<body style=""margin:0px 0px 0px 0px;overflow:auto;background:#FFFFFF;"">

<table style",,,,,"-1","0","-1",,,,0.00208043443021555
258580.924,50692.86824,0.455600409,36.8317498,Stream/Seasonal Channel,"<html xmlns:fo=""http://www.w3.org/1999/XSL/Format"" xmlns:msxsl=""urn:schemas-microsoft-com:xslt"">

<head>

<META http-equiv=""Content-Type"" content=""text/html"">

</head>

<body style=""margin:0px 0px 0px 0px;overflow:auto;background:#FFFFFF;"">

<table style",,,,,"-1","0","-1",,,,0.00719722220126863
259055.789,51591.99591,0.463730569,36.8360119,Stream/Seasonal Channel,"<html xmlns:fo=""http://www.w3.org/1999/XSL/Format"" xmlns:msxsl=""urn:schemas-microsoft-com:xslt"">

<head>

<META http-equiv=""Content-Type"" content=""text/html"">

</head>

<body style=""margin:0px 0px 0px 0px;overflow:auto;background:#FFFFFF;"">

<table style",,,,,"-1","0","-1",,,,0.00742136134087462
259076.6603,51829,0.465873341,36.83619868,Stream/Seasonal Channel,"<html xmlns:fo=""http://www.w3.org/1999/XSL/Format"" xmlns:msxsl=""urn:schemas-microsoft-com:xslt"">

<head>

<META http-equiv=""Content-Type"" content=""text/html"">

</head>

<body style=""margin:0px 0px 0px 0px;overflow:auto;background:#FFFFFF;"">

<table style",,,,,"-1","0","-1",,,,0.0074636987216793
259667.8204,50435.377,0.453275435,36.84151147,Stream/Seasonal Channel,"<html xmlns:fo=""http://www.w3.org/1999/XSL/Format"" xmlns:msxsl=""urn:schemas-microsoft-com:xslt"">

<head>

<META http-equiv=""Content-Type"" content=""text/html"">

</head>

<body style=""margin:0px 0px 0px 0px;overflow:auto;background:#FFFFFF;"">

<table style",,,,,"-1","0","-1",,,,0.000680972403941424
261326.714,54534.16146,0.490336834,36.85639804,Stream/Seasonal Channel,"<html xmlns:fo=""http://www.w3.org/1999/XSL/Format"" xmlns:msxsl=""urn:schemas-microsoft-com:xslt"">

<head>

<META http-equiv=""Content-Type"" content=""text/html"">

</head>

<body style=""margin:0px 0px 0px 0px;overflow:auto;background:#FFFFFF;"">

<table style",,,,,"-1","0","-1",,,,0.00578300458734578
260739.0039,55453.10151,0.498643185,36.85111727,Stream/Seasonal Channel,"<html xmlns:fo=""http://www.w3.org/1999/XSL/Format"" xmlns:msxsl=""urn:schemas-microsoft-com:xslt"">

<head>

<META http-equiv=""Content-Type"" content=""text/html"">

</head>

<body style=""margin:0px 0px 0px 0px;overflow:auto;background:#FFFFFF;"">

<table style",,,,,"-1","0","-1",,,,0.00314140747953302
261043.0277,55547.11348,0.499494043,36.85384736,Stream/Seasonal Channel,"<html xmlns:fo=""http://www.w3.org/1999/XSL/Format"" xmlns:msxsl=""urn:schemas-microsoft-com:xslt"">

<head>

<META http-equiv=""Content-Type"" content=""text/html"">

</head>

<body style=""margin:0px 0px 0px 0px;overflow:auto;background:#FFFFFF;"">

<table style",,,,,"-1","0","-1",,,,0.00486527207188082
261043.0277,55547.11348,0.499494043,36.85384736,Stream/Seasonal Channel,"<html xmlns:fo=""http://www.w3.org/1999/XSL/Format"" xmlns:msxsl=""urn:schemas-microsoft-com:xslt"">

<head>

<META http-equiv=""Content-Type"" content=""text/html"">

</head>

<body style=""margin:0px 0px 0px 0px;overflow:auto;background:#FFFFFF;"">

<table style",,,,,"-1","0","-1",,,,0.00486527207188082
260366.4279,55728.66044,0.501133379,36.84777045,Stream/Seasonal Channel,"<html xmlns:fo=""http://www.w3.org/1999/XSL/Format"" xmlns:msxsl=""urn:schemas-microsoft-com:xslt"">

<head>

<META http-equiv=""Content-Type"" content=""text/html"">

</head>

<body style=""margin:0px 0px 0px 0px;overflow:auto;background:#FFFFFF;"">

<table style",,,,,"-1","0","-1",,,,0.000434302776733723
259607.0045,53850.5,0.484150921,36.84095579,Stream/Seasonal Channel,"<html xmlns:fo=""http://www.w3.org/1999/XSL/Format"" xmlns:msxsl=""urn:schemas-microsoft-com:xslt"">

<head>

<META http-equiv=""Content-Type"" content=""text/html"">

</head>

<body style=""margin:0px 0px 0px 0px;overflow:auto;background:#FFFFFF;"">

<table style",,,,,"-1","0","-1",,,,0.00131135839497633
260413.2259,55579.73293,0.49978708,36.84819117,Stream/Seasonal Channel,"<html xmlns:fo=""http://www.w3.org/1999/XSL/Format"" xmlns:msxsl=""urn:schemas-microsoft-com:xslt"">

<head>

<META http-equiv=""Content-Type"" content=""text/html"">

</head>

<body style=""margin:0px 0px 0px 0px;overflow:auto;background:#FFFFFF;"">

<table style",,,,,"-1","0","-1",,,,0.000581846945679748
261221.5682,56096.76196,0.504463916,36.85544916,River,"<html xmlns:fo=""http://www.w3.org/1999/XSL/Format"" xmlns:msxsl=""urn:schemas-microsoft-com:xslt"">

<head>

<META http-equiv=""Content-Type"" content=""text/html"">

</head>

<body style=""margin:0px 0px 0px 0px;overflow:auto;background:#FFFFFF;"">

<table style",,,,,"-1","0","-1",,,,0.00336516776619135
261221.5682,56096.76196,0.504463916,36.85544916,River,"<html xmlns:fo=""http://www.w3.org/1999/XSL/Format"" xmlns:msxsl=""urn:schemas-microsoft-com:xslt"">

<head>

<META http-equiv=""Content-Type"" content=""text/html"">

</head>

<body style=""margin:0px 0px 0px 0px;overflow:auto;background:#FFFFFF;"">

<table style",,,,,"-1","0","-1",,,,0.00336516776619135
260662,53955,0.485098745,36.85043008,Stream/Seasonal Channel,"<html xmlns:fo=""http://www.w3.org/1999/XSL/Format"" xmlns:msxsl=""urn:schemas-microsoft-com:xslt"">

<head>

<META http-equiv=""Content-Type"" content=""text/html"">

</head>

<body style=""margin:0px 0px 0px 0px;overflow:auto;background:#FFFFFF;"">

<table style",,,,,"-1","0","-1",,,,0.00313316773658683
261671.9282,53132,0.477660938,36.85950232,Stream/Seasonal Channel,"<html xmlns:fo=""http://www.w3.org/1999/XSL/Format"" xmlns:msxsl=""urn:schemas-microsoft-com:xslt"">

<head>

<META http-equiv=""Content-Type"" content=""text/html"">

</head>

<body style=""margin:0px 0px 0px 0px;overflow:auto;background:#FFFFFF;"">

<table style",,,,,"-1","0","-1",,,,0.00322167640758699
261707.4788,53701.61844,0.482810944,36.85981999,Stream/Seasonal Channel,"<html xmlns:fo=""http://www.w3.org/1999/XSL/Format"" xmlns:msxsl=""urn:schemas-microsoft-com:xslt"">

<head>

<META http-equiv=""Content-Type"" content=""text/html"">

</head>

<body style=""margin:0px 0px 0px 0px;overflow:auto;background:#FFFFFF;"">

<table style",,,,,"-1","0","-1",,,,0.00498966052892463
260786.5673,55270.03733,0.496988257,36.85154497,Stream/Seasonal Channel,"<html xmlns:fo=""http://www.w3.org/1999/XSL/Format"" xmlns:msxsl=""urn:schemas-microsoft-com:xslt"">

<head>

<META http-equiv=""Content-Type"" content=""text/html"">

</head>

<body style=""margin:0px 0px 0px 0px;overflow:auto;background:#FFFFFF;"">

<table style",,,,,"-1","0","-1",,,,0.00332599588411213
260786.5673,55270.03733,0.496988257,36.85154497,Stream/Seasonal Channel,"<html xmlns:fo=""http://www.w3.org/1999/XSL/Format"" xmlns:msxsl=""urn:schemas-microsoft-com:xslt"">

<head>

<META http-equiv=""Content-Type"" content=""text/html"">

</head>

<body style=""margin:0px 0px 0px 0px;overflow:auto;background:#FFFFFF;"">

<table style",,,,,"-1","0","-1",,,,0.00332599588411213
259882.6366,55128.5,0.495705957,36.84342744,Stream/Seasonal Channel,"<html xmlns:fo=""http://www.w3.org/1999/XSL/Format"" xmlns:msxsl=""urn:schemas-microsoft-com:xslt"">

<head>

<META http-equiv=""Content-Type"" content=""text/html"">

</head>

<body style=""margin:0px 0px 0px 0px;overflow:auto;background:#FFFFFF;"">

<table style",,,,,"-1","0","-1",,,,0.000438570048852353
260096.2081,54031.17796,0.485785825,36.84534865,Stream/Seasonal Channel,"<html xmlns:fo=""http://www.w3.org/1999/XSL/Format"" xmlns:msxsl=""urn:schemas-microsoft-com:xslt"">

<head>

<META http-equiv=""Content-Type"" content=""text/html"">

</head>

<body style=""margin:0px 0px 0px 0px;overflow:auto;background:#FFFFFF;"">

<table style",,,,,"-1","0","-1",,,,0.000246175019856132
260378.5,54848.10065,0.493172361,36.84788146,Stream/Seasonal Channel,"<html xmlns:fo=""http://www.w3.org/1999/XSL/Format"" xmlns:msxsl=""urn:schemas-microsoft-com:xslt"">

<head>

<META http-equiv=""Content-Type"" content=""text/html"">

</head>

<body style=""margin:0px 0px 0px 0px;overflow:auto;background:#FFFFFF;"">

<table style",,,,,"-1","0","-1",,,,0.000794675456039709
260506.5648,55495.5,0.499025815,36.84902968,Stream/Seasonal Channel,"<html xmlns:fo=""http://www.w3.org/1999/XSL/Format"" xmlns:msxsl=""urn:schemas-microsoft-com:xslt"">

<head>

<META http-equiv=""Content-Type"" content=""text/html"">

</head>

<body style=""margin:0px 0px 0px 0px;overflow:auto;background:#FFFFFF;"">

<table style",,,,,"-1","0","-1",,,,0.00111282712277378
260506.5648,55495.5,0.499025815,36.84902968,Stream/Seasonal Channel,"<html xmlns:fo=""http://www.w3.org/1999/XSL/Format"" xmlns:msxsl=""urn:schemas-microsoft-com:xslt"">

<head>

<META http-equiv=""Content-Type"" content=""text/html"">

</head>

<body style=""margin:0px 0px 0px 0px;overflow:auto;background:#FFFFFF;"">

<table style",,,,,"-1","0","-1",,,,0.00111282712277378
260994.2708,54901.66489,0.49365844,36.85341138,Stream/Seasonal Channel,"<html xmlns:fo=""http://www.w3.org/1999/XSL/Format"" xmlns:msxsl=""urn:schemas-microsoft-com:xslt"">

<head>

<META http-equiv=""Content-Type"" content=""text/html"">

</head>

<body style=""margin:0px 0px 0px 0px;overflow:auto;background:#FFFFFF;"">

<table style",,,,,"-1","0","-1",,,,0.0047104462874491
